Title,Miles,Price
Chevrolet Silverado 1500,"247,810 miles","$15,965"
Chevrolet Malibu,"54,600 miles","$21,134"
Hyundai Elantra,"62,102 milesDiscount Available","$17,000"
Hyundai Elantra,"55,822 milesUpfront Price Available","$15,994"
Nissan Altima,"62,791 miles","$18,495"
Hyundai Elantra,"79,607 miles","$15,097"
Tesla Model 3,"31,290 miles","$46,900"
Toyota Corolla,"43,064 miles","$20,741"
Dodge Grand Caravan,"60,349 milesUpfront Price Available","$20,570"
Tesla Model 3,"24,792 miles","$40,000"
Chevrolet Silverado 1500,"51,760 miles","$33,787"
Toyota Camry,"66,855 milesUpfront Price Available","$22,500"
Nissan Altima,"38,244 miles","$22,400"
Nissan Altima,"57,956 miles","$19,989"
Chevrolet Cruze,"108,637 milesUpfront Price Available","$7,995"
Chevrolet Malibu,"54,572 miles","$20,358"
Jeep Grand Cherokee,"60,738 milesUpfront Price Available","$30,423"
Nissan Altima,"128,232 miles","$9,868"
Toyota Corolla,"11,538 miles","$21,993"
Ford F-150,"51,865 milesDiscount Available","$25,995"
Ford Fusion,"54,454 miles","$19,374"
Ford F-150,"47,438 miles","$30,999"
Nissan Rogue,"19,208 miles","$26,500"
Nissan Altima,"133,225 miles","$10,499"
Ford Super Duty F-250,"58,872 miles","$54,800"
Nissan Rogue,"68,344 miles","$21,027"
Nissan Altima,"30,229 milesDiscount Available","$19,990"
Ford Fusion,"51,007 miles","$19,203"
Toyota Camry,"129,411 milesUpfront Price Available","$12,250"
Chevrolet Malibu,"72,570 miles","$22,300"
Title,Miles,Price
Chevrolet Silverado 1500,"247,810 miles","$15,965"
Chevrolet Malibu,"54,600 miles","$21,134"
Hyundai Elantra,"62,102 milesDiscount Available","$17,000"
Hyundai Elantra,"55,822 milesUpfront Price Available","$15,994"
Nissan Altima,"62,791 miles","$18,495"
Hyundai Elantra,"79,607 miles","$15,097"
Tesla Model 3,"31,290 miles","$46,900"
Toyota Corolla,"43,064 miles","$20,741"
Dodge Grand Caravan,"60,349 milesUpfront Price Available","$20,570"
Tesla Model 3,"24,792 miles","$40,000"
Chevrolet Silverado 1500,"51,760 miles","$33,787"
Toyota Camry,"66,855 milesUpfront Price Available","$22,500"
Nissan Altima,"38,244 miles","$22,400"
Nissan Altima,"57,956 miles","$19,989"
Chevrolet Cruze,"108,637 milesUpfront Price Available","$7,995"
Chevrolet Malibu,"54,572 miles","$20,358"
Jeep Grand Cherokee,"60,738 milesUpfront Price Available","$30,423"
Nissan Altima,"128,232 miles","$9,868"
Toyota Corolla,"11,538 miles","$21,993"
Ford F-150,"51,865 milesDiscount Available","$25,995"
Ford Fusion,"54,454 miles","$19,374"
Ford F-150,"47,438 miles","$30,999"
Nissan Rogue,"19,208 miles","$26,500"
Nissan Altima,"133,225 miles","$10,499"
Ford Super Duty F-250,"58,872 miles","$54,800"
Nissan Rogue,"68,344 miles","$21,027"
Nissan Altima,"30,229 milesDiscount Available","$19,990"
Ford Fusion,"51,007 miles","$19,203"
Toyota Camry,"129,411 milesUpfront Price Available","$12,250"
Chevrolet Malibu,"72,570 miles","$22,300"
Title,Miles,Price
Ford Fusion,"107,297 miles","$12,500"
Ford Edge,"76,841 miles","$18,998"
Chevrolet Traverse,"110,124 miles","$20,982"
Toyota Camry,"76,085 milesUpfront Price Available","$21,500"
Chevrolet Malibu,"44,564 milesUpfront Price Available","$19,995"
Nissan Altima,"63,946 milesUpfront Price Available","$19,495"
Jeep Grand Cherokee,"70,002 miles","$27,630"
Chevrolet Malibu,"68,979 milesDiscount Available","$17,500"
Ford Focus,"61,560 milesUpfront Price Available","$9,994"
Chevrolet Malibu,"55,562 miles","$18,997"
Toyota Corolla,"70,820 milesUpfront Price Available","$18,627"
Ford F-150,"59,655 milesUpfront Price Available","$34,588"
Chevrolet Malibu,"64,609 miles","$19,839"
Kia Optima,"49,845 miles","$19,800"
Chevrolet Malibu,"80,430 milesDiscount Available","$15,488"
Chevrolet Malibu,"68,935 miles","$20,440"
Dodge Grand Caravan,"60,205 milesUpfront Price Available","$19,435"
Nissan Sentra,"35,005 miles","$16,300"
Ford F-150,"129,229 milesDiscount Available","$26,751"
Ford F-150,"97,959 milesUpfront Price Available","$25,900"
Chevrolet Malibu,"60,856 miles","$22,625"
Toyota Corolla,"70,689 milesUpfront Price Available","$17,995"
Chevrolet Equinox,"69,801 miles","$17,850"
Chevrolet Silverado 1500,"62,448 milesUpfront Price Available","$28,774"
Toyota Corolla,"47,151 milesDiscount Available","$19,988"
Toyota Corolla,"21,347 miles","$19,000"
Ram 1500,"186,004 milesUpfront Price Available","$16,584"
Dodge Grand Caravan,"92,148 miles","$15,888"
Ford Escape,"231,160 miles","$8,925"
Dodge Charger,"57,400 milesDiscount Available","$24,576"
Title,Miles,Price
Honda CR-V,"136,334 milesUpfront Price Available","$19,279"
Dodge Grand Caravan,"68,347 miles","$17,999"
Toyota Corolla,"67,644 miles","$18,197"
Chevrolet Equinox,"53,551 miles","$20,957"
Ford Focus,"107,855 milesUpfront Price Available","$7,103"
Toyota Corolla,"44,272 miles","$19,995"
Ford F-150,"55,091 miles","$32,800"
Chevrolet Malibu,"21,110 miles","$23,721"
GMC Terrain,"19,922 miles","$24,819"
Ford F-150,"114,093 milesDiscount Available","$17,990"
GMC Terrain,"49,951 miles","$23,092"
Toyota Corolla,"55,919 milesUpfront Price Available","$19,262"
Kia Soul,"87,414 milesUpfront Price Available","$13,900"
Dodge Charger,"61,715 milesDiscount Available","$22,000"
Ford Fusion,"62,021 miles","$20,387"
Toyota Corolla,"136,407 miles","$12,485"
Dodge Grand Caravan,"74,461 miles","$19,583"
Toyota Corolla,"49,702 milesUpfront Price Available","$19,991"
Ford Escape,"135,244 miles","$13,500"
Tesla Model 3,"18,111 miles","$40,995"
Nissan Altima,"52,347 miles","$20,808"
Ford Fusion,"82,008 miles","$12,995"
Hyundai Elantra,"69,953 milesUpfront Price Available","$17,289"
Ford Fusion,"65,531 milesUpfront Price Available","$21,611"
Nissan Altima,"50,814 miles","$21,990"
Nissan Rogue,"57,505 miles","$18,999"
Hyundai Elantra,"62,662 miles","$16,850"
Nissan Sentra,"61,892 miles","$13,044"
Chevrolet Malibu,"54,772 milesDiscount Available","$20,499"
Ford F-150,"95,595 miles","$22,400"
Title,Miles,Price
Toyota Camry,"14,830 miles","$23,498"
Ford F-150,"147,161 miles","$25,999"
Toyota Camry,"72,506 milesUpfront Price Available","$22,000"
Nissan Sentra,"39,988 miles","$16,598"
Nissan Sentra,"53,000 miles","$15,399"
Jeep Cherokee,"47,518 miles","$26,900"
Toyota Tacoma,"22,475 miles","$38,988"
Toyota Camry,"246,000 miles","$8,597"
Jeep Grand Cherokee,"63,033 miles","$26,797"
Nissan Sentra,"37,712 miles","$16,900"
Honda CR-V,"127,313 miles","$18,162"
Chevrolet Malibu,"42,739 milesDiscount Available","$22,377"
Chevrolet Silverado 1500,"5,126 milesUpfront Price Available","$26,986"
Hyundai Elantra,"63,899 miles","$18,299"
Hyundai Elantra,"90,288 miles","$13,500"
Kia Sorento,"36,837 milesUpfront Price Available","$24,900"
Toyota Corolla,"61,798 miles","$19,000"
Nissan Altima,"43,384 miles","$22,659"
Toyota Corolla,"32,481 miles","$22,458"
Ford F-150,"34,175 miles","$37,988"
Dodge Journey,"110,570 milesUpfront Price Available","$13,850"
Ram 1500,"100,455 milesDiscount Available","$30,594"
Toyota Corolla,"44,025 miles","$19,891"
Ford F-150,"49,672 miles","$39,546"
Jeep Cherokee,"43,565 miles","$25,660"
Kia Optima,"48,418 miles","$19,000"
Chevrolet Malibu,"67,623 miles","$20,990"
Ford Explorer,"90,236 miles","$20,000"
Tesla Model 3,"22,053 miles","$40,995"
Ram 1500,"145,232 miles","$28,990"
